Image Path,Description
image-003.jpg,"Golf Swing Power Generation: Kinetic Chain Principle. This illustration demonstrates the fundamental concept of power generation in a golf swing. It visualizes how energy flows from the golfer's body to the arms and finally to the hands, multiplying at each transfer point. Key elements: Body rotation: The core initiates the power sequence, Arm lever: Acts as a force multiplier, Hands: The final link, delivering maximum clubhead speed, Chain reaction: Emphasizes the importance of proper sequencing. This principle underlines the importance of full-body coordination in achieving maximum power and efficiency in the golf swing."
image-004.jpg,"Left Hand Grip Technique: Foundation of a Solid Golf Grip. This detailed instruction focuses on the correct placement of the golf club in the left hand (for right-handed golfers) at address. Critical points: Hand orientation: Back of left hand faces the target, Shaft placement: Pressed against the muscular pad at the palm's heel, Finger position: Shaft lies across the top joint of the forefinger, Address position: Mimics the club's position at setup. This grip technique forms the basis for consistent club control throughout the swing, emphasizing the left hand's role in guiding the club."
image-005.jpg,"Forefinger Lock: Enhancing Golf Grip Stability. This image illustrates a key aspect of the left-hand golf grip, focusing on the forefinger's role. Important elements: Forefinger action: Crook it around the shaft for added control, Grip pressure: Concentrate on forefinger and palm pad muscles, Lifting test: Demonstrates grip security without full hand closure, Fine motor control: Highlights the precision required in grip formation. This technique promotes a firm yet relaxed grip, crucial for maintaining control while allowing necessary wrist hinge during the swing."
image-006.jpg,"Completed Left-Hand Golf Grip: Two-View Analysis. These illustrations provide a comprehensive look at the finished left-hand grip from two angles. Key points: Pressure distribution: Main force applied by last three fingers, Hand closure sequence: Fingers close before the thumb, Club position: Naturally falls into correct placement, Multiple views: Offers complete understanding of proper grip formation. This grip formation ensures consistent club face control and is fundamental to a repeatable, powerful golf swing."
image-007.jpg,"Left-hand grip at top of backswing: This image illustrates the proper left-hand grip position at the apex of the backswing. The left hand, being the lead hand for right-handed golfers, maintains a firm hold on the club. The back of the left hand faces the target, indicating a neutral grip. This positioning is crucial for maintaining control during the transition to the downswing and helps ensure a square clubface at impact. The correct left-hand grip is fundamental to the overall swing mechanics and directly influences shot accuracy and power generation."
image-008.jpg,"Anatomical views of left hand musculature: This diagram presents two detailed anatomical perspectives of the left hand, highlighting the muscular structure involved in the golf grip. Understanding hand anatomy is essential for achieving an optimal grip. The image shows the intrinsic muscles of the hand, including the interossei and lumbrical muscles, which are crucial for fine motor control during the swing. Proper engagement of these muscles allows for a firm yet relaxed grip, promoting better feel and preventing tension that can lead to swing faults like casting or early release."
image-009.jpg,"Completed grip with proper right-hand positioning: This drawing demonstrates the correct placement of the right hand to complete the full golf grip. For right-handed golfers, the right hand sits below the left on the club. The right palm should cover the left thumb, creating a unified grip. The 'V' formed between the right thumb and forefinger should point towards the right shoulder, indicating a neutral grip. This positioning allows for maximum control and power transfer during the swing, while facilitating a natural release through impact."
image-010.jpg,"Right-hand finger placement on club: This illustration emphasizes the crucial aspect of right-hand finger positioning in the golf grip. The club shaft should lie across the base joints of the fingers, not in the palm. The two middle fingers provide the primary pressure, ensuring a secure hold without tension. This finger-dominant grip promotes better feel and allows for more natural wrist hinge in the backswing. It also facilitates a proper release through impact, contributing to increased clubhead speed and consistent ball striking."
image-011.jpg,"Correct hand positioning for optimal grip: This image contrasts the right and left-hand grips, highlighting their distinct roles. The left-hand grip combines palm and finger contact, with the 'V' between thumb and forefinger pointing towards the right eye. This promotes a strong, stable lead hand position. The right-hand grip, conversely, is primarily a finger grip, with the middle fingers providing most pressure. This combination allows for a harmonious melding of control (left hand) and feel (right hand). The proper grip foundation is essential for maintaining the correct swing plane, achieving consistent ball striking, and optimizing power transfer from the body to the club."
image-012.jpg,"Interlocking grip technique for proper hand positioning. The little finger of the trailing hand (right for right-handed golfers) interlocks between the index and middle fingers of the lead hand. This grip style promotes hand unity, preventing slippage during the swing. It's particularly beneficial for golfers with smaller hands or those seeking increased control. The interlocking grip, favored by players like Jack Nicklaus, helps maintain a consistent clubface through impact and can improve power transfer from the body to the club."
image-013.jpg,"Two-hand grip completion, emphasizing thumb placement. The lead hand's thumb (left for right-handed golfers) nestles securely into the lifeline of the trailing hand's palm. This configuration creates a robust union between the hands, enhancing grip stability throughout the swing. The synergy between the left thumb and right thumb pad is crucial for maintaining grip integrity, especially at the top of the backswing where centrifugal forces are greatest. This reinforced grip promotes a more connected and powerful release through impact."
image-014.jpg,"Proper alignment of the trailing hand's 'V'. In a correct golf grip, the 'V' formed by the thumb and forefinger of the trailing hand (right for right-handed golfers) should point directly at the chin. This alignment ensures neutral hand position and promotes a square clubface at impact. It's a key checkpoint for maintaining proper grip pressure and hand orientation throughout the swing. This position facilitates a natural release and helps prevent common faults like pushing or pulling shots."
image-015.jpg,"Grip training technique emphasizing hand unity. By initially gripping the club with only the thumb and forefinger of the trailing hand off the shaft, golfers can develop a feel for a strong, unified grip. This drill promotes the concept of the hands working as a single unit throughout the swing. It helps golfers avoid the common fault of the hands working independently, which can lead to inconsistent contact and loss of power. This technique is particularly useful for players struggling with a 'handsy' swing or those looking to develop a more body-driven motion."
image-016.jpg,"Illustration of a faulty grip and its consequences. An incorrect grip often leads to loss of control at the top of the backswing, as shown. Common grip faults include a weak lead hand, improper hand alignment, or excessive tension. These errors can result in an open or closed clubface at the top, leading to inconsistent ball striking and direction control. A proper grip is foundational to maintaining the optimal swing plane and achieving a square clubface at impact. Golfers should regularly check their grip to ensure it promotes a stable and repeatable swing motion."
image-017.jpg,"Top of backswing grip check. A proper golf grip is crucial for maintaining control throughout the swing. At the apex of the backswing, the club should feel securely positioned in the hands, with the clubface properly aligned. This correct grip enables a smooth transition to the downswing, promoting consistency in club path and face angle at impact. Pay attention to hand positioning - the 'V' formed by thumb and forefinger of each hand should point towards the right shoulder (for right-handed golfers). This grip integrity at the top is a key checkpoint in the swing sequence."
image-018.jpg,"Club balance and center of gravity demonstration. This illustration shows how the center of gravity of a golf club shifts when gripped at different points. With hands (the fulcrum) at the end of the shaft, the clubhead's weight feels more pronounced. This principle underlies the importance of proper grip placement for optimal club control and swing mechanics. Understanding this balance point helps golfers manage club feel throughout the swing, particularly during the transition from backswing to downswing where maintaining control is crucial."
image-019.jpg,"Proper golf stance and posture fundamentals. The image demonstrates the ideal setup position, crucial for maintaining balance and enabling efficient energy transfer throughout the golf swing. Key elements include: Athletic knee flex, Spine angle tilted from hips, Arms hanging naturally, Weight distributed evenly between feet. This balanced posture allows for a full shoulder turn in the backswing, proper weight transfer in the downswing, and stable lower body support. It's the foundation for executing a consistent, powerful swing and should be practiced regularly to develop muscle memory."
image-020.jpg,"Front view of standard 5-iron setup position. This image illustrates the proper stance width for a mid-iron shot. Key points: Feet positioned shoulder-width apart, Weight evenly distributed, Knees slightly flexed, Arms hanging naturally from shoulders. This stance provides a stable base for rotation, allows for proper weight shift during the swing, and promotes consistency in ball striking."
image-021.jpg,"Correct foot alignment in golf stance. This diagram emphasizes the proper positioning of feet at address: Right foot (for right-handed golfers) set perpendicular to the target line, Left foot rotated outward approximately 22-30 degrees (quarter turn). This foot position promotes several key swing elements: Facilitates a full hip turn in the backswing, Allows for proper weight transfer."
image-022.jpg,"Proper foot alignment at address: Left foot rotated 15 degrees towards target. This quarter-turn promotes a stable base and facilitates proper hip rotation during the swing. The foot position directly impacts the swing plane and power transfer. Avoid excessive rotation, which can lead to an over-the-top move in the downswing. This stance element complements the overall body alignment discussed in image-023."
image-023.jpg,"Body alignment and aiming basics: Pro golfers often adopt a slightly closed stance, with the body marginally tilted towards the target at address. This positioning enhances weight distribution and promotes an inside-out swing path. The stance provides a clear indication of the intended target line. Contrast this with an open stance (both feet turned out), which can lead to inconsistent ball striking and directional issues. Proper alignment is crucial for maintaining the swing plane and achieving consistent shot shape."
image-024.jpg,"Common right foot positioning errors and their consequences: Incorrect right foot placement can trigger a chain of swing faults. These include: Left knee dip: Disrupts weight transfer and swing plane Right leg sway: Causes loss of coil and power leakage Excessive hip turn: Leads to timing issues and inconsistent contact Forced shoulder turn with left arm break: Destroys swing synchronization Proper right foot positioning is essential for maintaining spine angle, facilitating a correct weight shift, and enabling a powerful coil-and-uncoil motion through impact."
image-025.jpg,"Correct left arm position at address (front view): The left arm should form a straight line from shoulder to club, creating the optimal radius for the swing arc. This promotes a one-piece takeaway and helps maintain swing width. The left arm position influences the backswing plane and the club's path through impact. Avoid tension in the arms and shoulders, as this can restrict the turn and reduce power. This arm position works in conjunction with the proper grip and posture to establish a solid foundation for the swing."
image-026.jpg,"Correct left arm position at address (side view): From this angle, note how the left arm hangs naturally from the shoulder, with a slight forward press. This position helps set the proper swing plane and promotes an athletic posture. The hands should be positioned slightly ahead of the ball for most shots, encouraging a downward strike and proper compression. This arm position facilitates a smooth takeaway and helps maintain the swing's radius throughout the motion. It's crucial for consistent ball-striking and controlling trajectory."
image-027.jpg,"Elbow and arm positioning: Throughout entire swing, Technique: Connected arms swing, Key points: Keep elbows and arms as close together as possible, Emphasize pressing elbows close together, Purpose: Promotes a more consistent swing plane and improves synchronization between arms and body rotation. This connected position helps maintain the swing's width and encourages proper sequencing in the downswing. Related concepts: One-piece takeaway, swing plane consistency."
image-028.jpg,"Elbow-hip relationship in cross-section: Address and throughout swing, Technique: Proper arm setup, Key points: Illustrates correct arm positioning relative to hips, Emphasizes importance of initial setup for arm function, Purpose: Correct arm setup at address facilitates proper arm movement throughout the swing, promoting an efficient kinetic chain and power transfer from the body to the club. Related concepts: Swing plane, body-arm connection, kinetic chain in golf swing."
image-029.jpg,"Right elbow positioning at address: Address, Technique: Elbow-hip alignment, Key points: Right elbow points directly to right hipbone, Allows correct elbow fold during backswing, Purpose: This alignment promotes a proper takeaway and helps maintain the swing plane. It facilitates a more natural and efficient arm movement during the backswing, setting up a powerful and consistent downswing. Related concepts: Swing plane, coil in backswing, slot position in downswing."
image-030.jpg,"Left elbow positioning at address: Address, Technique: Elbow-hip alignment, Key points: Left elbow points directly to left hipbone, Purpose: This positioning helps maintain proper width in the swing and promotes a consistent swing arc. It also aids in keeping the left arm relatively straight during the backswing, which is crucial for power and consistency. Related concepts: Swing width, left arm extension, rotational stability."
image-031.jpg,"Proper posture at address: Address, Technique: Semi-sitting position, Key points: Upper trunk remains relatively erect, Bending occurs primarily at the knees, Knees point inward, Purpose: This athletic posture promotes balance, stability, and the ability to rotate effectively during the swing. The slight knee flex allows for better weight transfer and helps maintain spine angle throughout the swing. Related concepts: Athletic stance, spine angle, weight transfer, rotational power."
image-032.jpg,"Proper address position: Demonstrating the 'sit-down' motion in the golf stance. The golfer lowers their body approximately two inches, as if sitting onto a high stool. This athletic posture promotes stability and balance, engaging the large muscles of the legs and core. The slight knee flex allows for better weight distribution and prepares the body for a smooth weight transfer during the backswing. This fundamental setup position is crucial for maintaining spine angle throughout the swing and enabling a more powerful and consistent ball strike."
image-033.jpg,"Common stance errors at address: Illustration contrasts proper posture with three frequent mistakes - stiff legs, buckled knees, and excessive forward spine tilt. A balanced, athletic stance is vital for initiating a successful golf swing. Stiff legs restrict hip rotation and weight transfer. Buckled knees compromise stability and power generation. Over-crouching with shoulders too far over the ball can lead to early extension and inconsistent contact. The correct posture, shown on the left, features a slight knee flex, straight back, and arms hanging naturally, setting the foundation for a proper swing plane and consistent ball-striking."
image-034.jpg,"Core muscle engagement in the golf swing: Anatomical illustration highlighting the internal obliques, external obliques, and other crucial core muscles involved in the golf swing. The smaller diagram demonstrates how these muscles work during the rotation of the swing. Proper core engagement is essential for maintaining posture, generating rotational power, and transferring energy from the lower body to the upper body. Understanding and utilizing these 'inside muscles' helps golfers achieve greater consistency, power, and control throughout their swing, reducing the reliance on arm strength alone."
image-035.jpg,"Optimal address position breakdown: Detailed illustration of the proper stance at address, with key points annotated. Head is bent comfortably, promoting a stable spine angle. Left arm fully extended, right arm slightly bent, creating the desired 'Y' shape with the club. Elbows pointed towards respective hipbones, promoting connection between arms and body. Arms positioned close together, enhancing control and promoting an in-to-out swing path. Knees pointed inward slightly, engaging the lower body and promoting proper weight distribution. This comprehensive setup positions the body for a biomechanically sound golf swing, maximizing potential for consistent ball-striking and power generation."
image-036.jpg,"Top of backswing position: Illustration depicting the correct positioning at the completion of the backswing. The golfer's legs, hips, shoulders, arms, and hands are shown in proper alignment and tension. This coiled position stores potential energy and sets up the critical transition to the downswing. Key elements include a full shoulder turn, maintained spine angle, weight shifted to the inside of the back foot, and the club positioned on plane. The interrelation of these components at the top of the backswing is crucial for initiating a powerful, coordinated downswing sequence, leading to consistent and accurate ball-striking."
image-038.jpg,"Waggle technique: Focus on left hand control. The left hand, as the lead hand, guides the club in a practice motion past the ball towards the target. The right hand supports but doesn't dominate. This back-and-forth waggle helps establish tempo and loosen muscles before initiating the backswing. Proper waggle promotes a smooth takeaway and helps align the clubface. Avoid excessive wrist movement during the waggle to maintain consistency."
image-039.jpg,"Shoulder stability during waggle: Emphasizes keeping shoulders steady while hands and arms perform the waggle motion. This separation of upper and lower body movement is crucial for maintaining posture and balance at address. Steady shoulders ensure the swing plane remains consistent from setup through takeaway. Common error: Avoid rotating shoulders during waggle, which can lead to an off-plane backswing."
image-040.jpg,"Initiation of backswing: Demonstrates the coordinated movement of hands, arms, and shoulders at the start of the backswing. This one-piece takeaway promotes a wide arc and proper sequencing. The hands and arms move first, closely followed by shoulder rotation. Focus on a smooth, unhurried transition from address to backswing to maintain tempo. Related concept: One-piece takeaway for consistent ball-striking."
image-041.jpg,"Backswing sequence and body rotation: Illustrates the proper kinetic chain in the backswing - hands, arms, shoulders, then hips. The progressive drawings show the transition from waggle to address, then to the top of the backswing. Accompanying diagrams depict increasing shoulder and hip rotation throughout the backswing. This sequence creates proper coil for power generation. Key point: Maintain the gap between shoulder and hip rotation for maximum torque."
image-042.jpg,"Right leg stability check: Technique to ensure proper lower body support during the backswing. Golfer uses a club to mark the right leg's angle at address, then checks for any changes during the backswing motion. Maintaining this angle promotes a stable base, proper weight transfer, and consistent spine angle. Deviations can indicate sway or loss of balance, which affect the swing's power and accuracy. Correcting right leg stability issues helps create a more efficient and repeatable backswing motion."
image-043.jpg,"This illustration demonstrates the concept of the backswing plane, a fundamental principle in golf swing mechanics. The plane is visualized as an inclined sheet of glass resting on the golfer's shoulders and extending upward from the ball. As the backswing progresses, the arms should move parallel to this plane, ideally staying just below the 'glass.' The image highlights a key aspect of proper swing technique: the gradual alignment of the arms with the swing plane. Due to human anatomy, the arms typically can't achieve perfect plane alignment until they reach hip height. This concept is crucial for maintaining swing consistency and power generation. The backswing plane serves multiple purposes: It promotes a proper swing path. It helps maintain club face control. It facilitates a more efficient transfer of energy from the body to the club."
image-044.jpg,"This diagram illustrates the proper alignment of the backswing plane in golf. The plane is represented by a straight line extending from the golf ball through the golfer's shoulders at address. This visual aid is crucial for understanding the correct path the club should follow during the backswing. Key points of this backswing plane concept: Shoulder tilt: The shoulders should be tilted at the same angle as the club shaft at address, forming the base of the swing plane. Consistent angle: The plane remains constant throughout the backswing, promoting consistency and accuracy. Body rotation: The golfer's torso should rotate around this tilted axis during the backswing. Understanding and maintaining this plane helps golfers avoid common faults such as: An overly flat swing, leading to pushes and hooks. An overly upright swing, causing pulls and slices. Practicing with alignment rods or using video analysis can help golfers visualize and internalize this crucial swing plane concept."
image-045.jpg,"These sequential illustrations depict the relationship between the golfer's arms, club, and the backswing plane throughout the backswing. The 'glass plane' concept is used to show how the arms and club should remain below this imaginary surface at all stages. Key stages shown: Address: Arms hanging naturally, slightly away from the body. Takeaway: Arms begin to move back, maintaining their relationship to the plane. Mid-backswing: Arms continue to move parallel to and just below the plane. Top of backswing: Arms reach their maximum rotation, still adhering to the plane. This technique serves several purposes: Promotes a consistent swing path. Helps maintain proper wrist hinge and club face control. Facilitates a smooth transition to the downswing. Golfers should focus on feeling a connection between their arms and body throughout the backswing, avoiding the common error of lifting the arms independently of the shoulder turn. This connected feeling helps maintain the integrity of the swing plane and promotes a more powerful, consistent golf swing."
image-046.jpg,"This image illustrates a fundamental golf training exercise designed to develop proper arm and body coordination during the swing. The exercise focuses on a half-swing motion, emphasizing the following key elements: Pendulum motion: The arms swing back and forth like a clock pendulum, promoting a smooth, rhythmic movement. Body-arm connection: The exercise teaches golfers to use their body rotation to power the swing, rather than relying solely on hand action. Elbow positioning: Elbows remain close to the body, encouraging a more connected and controlled swing. Benefits of this drill: Develops a feel for the correct sequencing of body and arm movements. Promotes a more consistent swing plane. Reduces over-reliance on hand manipulation of the club. Golfers should practice this drill regularly, focusing on the sensation of the body turning back and through while the arms respond to this rotation. This exercise helps eliminate common faults such as 'casting' the club or initiating the downswing with the hands and arms instead of the lower body."